ind,occ,act,year,act_complexity,act_size
AA111,6,AA111.6,1981,-0.9913111172744566,11034
AA111,6,AA111.6,1986,-0.7808420907006408,14181
AA111,6,AA111.6,1991,-0.8597259646972322,11847
AA111,6,AA111.6,1996,-0.7152850143207006,12636
AA111,6,AA111.6,2001,-0.7186474337706955,10905
AA111,6,AA111.6,2006,-0.7169134096226689,8031
AA111,6,AA111.6,2013,-0.6639777935478018,6756
AA121,6,AA121.6,1981,-1.0332474553238877,5352
AA121,6,AA121.6,1986,-0.6363441899312546,4488
AA121,6,AA121.6,1991,-1.0694727365978978,3978
AA121,6,AA121.6,1996,-0.9466741185126591,4659
AA121,6,AA121.6,2001,-0.8403318228248244,3189
AA121,6,AA121.6,2006,-0.9599102480494386,3300
AA121,6,AA121.6,2013,-0.9230478947491654,2916
AA131,6,AA131.6,1981,-0.6393831134928369,4008
AA131,6,AA131.6,1986,-0.21600323169485702,3696
AA131,6,AA131.6,1991,-0.48402557516544104,3012
AA131,6,AA131.6,1996,-0.38789392228220654,3597
AA131,6,AA131.6,2001,-0.4034607802851366,3315
AA131,6,AA131.6,2006,-0.4649650658114106,2889
AA131,6,AA131.6,2013,-0.46845671777927417,2970
AA141,6,AA141.6,1981,-1.3417587322785607,1620
AA141,6,AA141.6,1986,-1.0762141493068467,2010
AA141,6,AA141.6,1991,-1.2595602218656397,1710
AA141,6,AA141.6,1996,-1.0774026796183531,1821
AA141,6,AA141.6,2001,-0.8990501132554852,1887
AA141,6,AA141.6,2006,-0.944201587658282,1398
AA141,6,AA141.6,2013,-0.9734356480944114,1341
AA211,6,AA211.6,1981,-0.6172495700487411,2805
AA211,6,AA211.6,1986,-0.3457118890061289,2430
AA211,6,AA211.6,1991,-0.4334461296854455,1347
AA211,6,AA211.6,1996,-0.5119235956569015,2106
AA211,6,AA211.6,2001,-0.5116114404298461,1911
AA211,6,AA211.6,2006,-0.5920482487327736,1410
AA211,6,AA211.6,2013,-0.5045268710700693,1401
AA320,6,AA320.6,1981,-0.9071429151452794,3216
AA320,6,AA320.6,1986,-0.5568911535918902,3087
AA320,6,AA320.6,1991,-0.9040523307918688,2523
AA320,6,AA320.6,1996,-0.7510876807336045,2991
AA320,6,AA320.6,2001,-0.682975740467983,4008
AA320,6,AA320.6,2006,-0.7387188720321798,3297
AA320,6,AA320.6,2013,-0.6137159559657315,2790
BB11_,8,BB11_.8,1981,-0.8062046487984478,1200
BB11_,8,BB11_.8,1986,-0.6118438521951679,1383
BB11_,8,BB11_.8,1991,-0.6802571787154693,783
BB11_,8,BB11_.8,1996,-0.555375056524269,762
BB11_,8,BB11_.8,2001,-0.6006426297204784,648
BB11_,8,BB11_.8,2006,-0.6020209877747686,870
BB11_,8,BB11_.8,2013,-0.592968129189775,957
CC1_,4,CC1_.4,1981,-0.9835764029932652,2037
CC1_,4,CC1_.4,1986,-0.9100342468501577,1965
CC1_,4,CC1_.4,1991,-1.0735713485413445,879
CC1_,4,CC1_.4,1996,-1.1150547186606035,822
CC1_,4,CC1_.4,2001,-1.0506642258189052,876
CC1_,4,CC1_.4,2006,-1.0814527905599187,786
CC1_,4,CC1_.4,2013,-1.0673005527027364,906
CC1_,7,CC1_.7,1981,-1.2098770119320352,2022
CC1_,7,CC1_.7,1986,-0.8025539070183129,1902
CC1_,7,CC1_.7,1991,-1.0181856775872222,2199
CC1_,7,CC1_.7,1996,-0.9429505187987468,1368
CC1_,7,CC1_.7,2001,-0.8967055801146762,1167
CC1_,7,CC1_.7,2006,-0.8372412941210207,1206
CC1_,7,CC1_.7,2013,-0.7660433711925293,1116
CC1_,8,CC1_.8,1981,-1.1832579432408266,20034
CC1_,8,CC1_.8,1986,-0.7598835456306076,19323
CC1_,8,CC1_.8,1991,-0.935450263856004,11250
CC1_,8,CC1_.8,1996,-0.7794801221654313,8538
CC1_,8,CC1_.8,2001,-0.7459392743369146,9906
CC1_,8,CC1_.8,2006,-0.8111868767882399,8538
CC1_,8,CC1_.8,2013,-0.8470441622692684,7767
CC1_,9,CC1_.9,1981,-1.3745502000290775,2748
CC1_,9,CC1_.9,1986,-0.995463602376598,2733
CC1_,9,CC1_.9,1991,-1.043282779342332,3564
CC1_,9,CC1_.9,1996,-0.9790216702352522,2847
CC1_,9,CC1_.9,2001,-0.8756399446830438,2871
CC1_,9,CC1_.9,2006,-0.8892859443146963,3798
CC1_,9,CC1_.9,2013,-0.9685169265170763,3855
CC131,8,CC131.8,1981,-0.6422386149974423,2658
CC131,8,CC131.8,1986,-0.7097484064162733,1965
CC131,8,CC131.8,1991,-0.6873916692552928,1692
CC131,8,CC131.8,1996,-0.8080243243236764,1485
CC131,8,CC131.8,2001,-0.9014351560391519,1497
CC131,8,CC131.8,2006,-0.7089273040515164,1578
CC131,8,CC131.8,2013,-0.8297601245018009,1812
CC141,1,CC141.1,1981,-0.37224518060464873,921
CC141,1,CC141.1,1986,-0.8268512524881103,1434
CC141,1,CC141.1,1991,-0.0915927957255116,1812
CC141,1,CC141.1,1996,-0.07891544348134173,2085
CC141,1,CC141.1,2001,0.0032630472742612706,2253
CC141,1,CC141.1,2006,0.5008806686203826,2667
CC141,1,CC141.1,2013,0.4733954576314411,2871
CC141,4,CC141.4,1981,-0.8145456189907434,1689
CC141,4,CC141.4,1986,-1.1190145959756301,1962
CC141,4,CC141.4,1991,-0.7080107147616449,1152
CC141,4,CC141.4,1996,-0.4788710510340081,1455
CC141,4,CC141.4,2001,-0.5811504578783503,1512
CC141,4,CC141.4,2006,-0.5006251446033942,1380
CC141,4,CC141.4,2013,-0.2479273042256538,1413
CC141,5,CC141.5,1981,-0.8062343466427788,1572
CC141,5,CC141.5,1986,-0.8103131065045562,1704
CC141,5,CC141.5,1991,-1.0369982571551124,1803
CC141,5,CC141.5,1996,-1.007380692428018,2208
CC141,5,CC141.5,2001,-0.7569978992271811,2688
CC141,5,CC141.5,2006,-0.2947642768172725,2823
CC141,5,CC141.5,2013,0.6480710359022901,2661
CC141,7,CC141.7,1981,-0.9904617516006888,3363
CC141,7,CC141.7,1986,-0.8932836038836179,3342
CC141,7,CC141.7,1991,-1.0269962537470008,3009
CC141,7,CC141.7,1996,-0.9479624701590967,2517
CC141,7,CC141.7,2001,-0.9807662719764488,2514
CC141,7,CC141.7,2006,-0.7901963440061239,2520
CC141,7,CC141.7,2013,-0.563613357593608,2478
CC141,8,CC141.8,1981,-0.8704181920022005,4374
CC141,8,CC141.8,1986,-0.9069290031672745,4656
CC141,8,CC141.8,1991,-0.9079279928183238,3549
CC141,8,CC141.8,1996,-1.0203012319807478,3348
CC141,8,CC141.8,2001,-0.8625455296981412,4227
CC141,8,CC141.8,2006,-0.6982505660010506,3966
CC141,8,CC141.8,2013,-0.61480995684723,3225
CC141,9,CC141.9,1981,-0.8602691996841733,4290
CC141,9,CC141.9,1986,-0.9847130812841741,3762
CC141,9,CC141.9,1991,-0.687848009098248,3702
CC141,9,CC141.9,1996,-0.6228945341038543,4353
CC141,9,CC141.9,2001,-0.8539354362978182,3552
CC141,9,CC141.9,2006,-0.6777916053278755,3981
CC141,9,CC141.9,2013,-0.5784098584256373,3570
CC211,8,CC211.8,1981,-0.7185437528894113,5616
CC211,8,CC211.8,1986,-0.8420227148382703,6114
CC211,8,CC211.8,1991,-0.7537296055921894,4080
CC211,8,CC211.8,1996,-0.5173310045900794,4230
CC211,8,CC211.8,2001,-0.5647407362959138,3984
CC211,8,CC211.8,2006,-0.6015890587682601,2934
CC211,8,CC211.8,2013,-0.601982739300022,1638
CC212,8,CC212.8,1981,-0.43153211044489254,17031
CC212,8,CC212.8,1986,-0.908948094775357,15846
CC212,8,CC212.8,1991,-0.22739705155658924,9804
CC212,8,CC212.8,1996,-0.14294782452680943,7275
CC212,8,CC212.8,2001,0.01917852689174068,4929
CC212,8,CC212.8,2006,0.236750224617669,3723
CC212,8,CC212.8,2013,-0.2585866050003515,1458
CC311,7,CC311.7,1981,-1.0178957331400655,2508
CC311,7,CC311.7,1986,-0.8169459987433831,3420
CC311,7,CC311.7,1991,-1.2357247559772435,2979
CC311,7,CC311.7,1996,-1.091641256918881,2883
CC311,7,CC311.7,2001,-1.1139019450225234,2859
CC311,7,CC311.7,2006,-1.1050091757710248,3285
CC311,7,CC311.7,2013,-1.159218303262953,2196
CC311,8,CC311.8,1981,-0.9172332090462021,1968
CC311,8,CC311.8,1986,-0.7312085840126678,2472
CC311,8,CC311.8,1991,-0.6726244943762606,2016
CC311,8,CC311.8,1996,-0.8326187648135188,2967
CC311,8,CC311.8,2001,-0.792198984299827,3258
CC311,8,CC311.8,2006,-0.7606645582197489,3624
CC311,8,CC311.8,2013,-0.8353599758267437,2505
CC311,9,CC311.9,1981,-0.7160674390405841,3669
CC311,9,CC311.9,1986,-0.6974892071008301,3234
CC311,9,CC311.9,1991,-0.7583462331199585,2463
CC311,9,CC311.9,1996,-0.8804382726677765,2784
CC311,9,CC311.9,2001,-0.8225292726225465,2799
CC311,9,CC311.9,2006,-0.8884923332917716,2466
CC311,9,CC311.9,2013,-0.9913472970287299,1677
CC321,8,CC321.8,1981,-0.615791312542171,3630
CC321,8,CC321.8,1986,-0.7641631617552526,3186
CC321,8,CC321.8,1991,-0.5121215512381089,2151
CC321,8,CC321.8,1996,-0.5664614426667026,1656
CC321,8,CC321.8,2001,-0.5749877161047457,1479
CC321,8,CC321.8,2006,-0.40800847282218405,1047
CC321,8,CC321.8,2013,-0.7529347421572274,828
CC411,4,CC411.4,1981,0.6827256697588208,1260
CC411,4,CC411.4,1986,0.7372808365349305,1809
CC411,4,CC411.4,1991,0.6288881390986558,1113
CC411,4,CC411.4,1996,0.8666453696138293,1317
CC411,4,CC411.4,2001,0.4455645249522132,1368
CC411,4,CC411.4,2006,0.2756833603392867,1212
CC411,4,CC411.4,2013,-0.015624501171179866,921
CC411,7,CC411.7,1981,1.2072641785588563,5358
CC411,7,CC411.7,1986,0.8408017457651513,6456
CC411,7,CC411.7,1991,0.9849029002095104,4710
CC411,7,CC411.7,1996,0.7192844101535014,4911
CC411,7,CC411.7,2001,0.22090235312033765,4089
CC411,7,CC411.7,2006,0.39345065839394994,3978
CC411,7,CC411.7,2013,0.19580313427993074,2664
CC5_,1,CC5_.1,1981,0.1815801073084022,2142
CC5_,1,CC5_.1,1986,-0.16727861562246724,2790
CC5_,1,CC5_.1,1991,0.6317708187815574,2892
CC5_,1,CC5_.1,1996,0.6238183221607798,2967
CC5_,1,CC5_.1,2001,0.39069931188573953,2775
CC5_,1,CC5_.1,2006,0.5762094166839038,3129
CC5_,1,CC5_.1,2013,0.40820048242410034,3093
CC5_,2,CC5_.2,1981,0.36365768574065105,1059
CC5_,2,CC5_.2,1986,0.37728733663887676,1152
CC5_,2,CC5_.2,1991,0.4420256614077674,966
CC5_,2,CC5_.2,1996,0.4915915332290533,1074
CC5_,2,CC5_.2,2001,0.2847800257525692,918
CC5_,2,CC5_.2,2006,1.0809388788512408,1101
CC5_,2,CC5_.2,2013,0.20870538444497883,1038
CC5_,3,CC5_.3,1981,-0.22242516108484447,3033
CC5_,3,CC5_.3,1986,-0.33087235308673085,2451
CC5_,3,CC5_.3,1991,0.13521103662189102,1665
CC5_,3,CC5_.3,1996,0.023002701851668455,1896
CC5_,3,CC5_.3,2001,-0.17027006535331424,1434
CC5_,3,CC5_.3,2006,-0.23763829768466435,1650
CC5_,3,CC5_.3,2013,-0.34951989671719347,1569
CC5_,4,CC5_.4,1981,-0.18156162418581853,3948
CC5_,4,CC5_.4,1986,-0.7110746180002216,3966
CC5_,4,CC5_.4,1991,-0.20818316448129504,2034
CC5_,4,CC5_.4,1996,-0.07969649457900785,2250
CC5_,4,CC5_.4,2001,-0.3950529572109549,2082
CC5_,4,CC5_.4,2006,-0.2506336787790712,1821
CC5_,4,CC5_.4,2013,-0.21628933679691592,1557
CC5_,7,CC5_.7,1981,-1.142701107270346,1770
CC5_,7,CC5_.7,1986,-0.7394674771879205,2070
CC5_,7,CC5_.7,1991,-0.9981252826842362,1377
CC5_,7,CC5_.7,1996,-0.8559474018344104,1425
CC5_,7,CC5_.7,2001,-0.750828533135272,1281
CC5_,7,CC5_.7,2006,-0.5528623813008281,1275
CC5_,7,CC5_.7,2013,-0.7385078263790735,993
CC5_,8,CC5_.8,1981,-0.6074958425730592,7536
CC5_,8,CC5_.8,1986,-0.7543308639346027,6927
CC5_,8,CC5_.8,1991,-0.5723763554681949,5241
CC5_,8,CC5_.8,1996,-0.40704151140500205,4572
CC5_,8,CC5_.8,2001,-0.497299477384114,4674
CC5_,8,CC5_.8,2006,-0.2922184100850578,3936
CC5_,8,CC5_.8,2013,-0.6176555783231397,2967
CC5_,9,CC5_.9,1981,-0.27183316400327534,5223
CC5_,9,CC5_.9,1986,-0.6592797077432367,4230
CC5_,9,CC5_.9,1991,-0.20626749827693983,2493
CC5_,9,CC5_.9,1996,-0.05874485879530115,3192
CC5_,9,CC5_.9,2001,-0.3116061799840992,2574
CC5_,9,CC5_.9,2006,-0.189506523523141,3039
CC5_,9,CC5_.9,2013,-0.4406885841053584,2604
CC611,8,CC611.8,1981,-1.233657514639299,3603
CC611,8,CC611.8,1986,-1.371885548679521,3225
CC611,8,CC611.8,1991,-0.9660762288383568,2040
CC611,8,CC611.8,1996,-0.9630129258911485,1863
CC611,8,CC611.8,2001,-0.8764207786340827,1839
CC611,8,CC611.8,2006,-0.6835218650977241,1728
CC611,8,CC611.8,2013,-0.8452974533078462,1509
CC711,8,CC711.8,1981,-0.9312398856523988,1320
CC711,8,CC711.8,1986,-0.7451518105390647,1458
CC711,8,CC711.8,1991,-0.5468608922927557,1443
CC711,8,CC711.8,1996,-0.45867768014392035,1245
CC711,8,CC711.8,2001,-0.5816095796342223,1404
CC711,8,CC711.8,2006,-0.523684378198283,1065
CC711,8,CC711.8,2013,-0.6774440305340689,738
CC721,1,CC721.1,1981,-0.33346431940512267,1500
CC721,1,CC721.1,1986,-0.959669557808308,2442
CC721,1,CC721.1,1991,-0.11134263919305688,2349
CC721,1,CC721.1,1996,-0.09156226468904685,2451
CC721,1,CC721.1,2001,-0.12865019654022306,2619
CC721,1,CC721.1,2006,-0.4232060333721271,3099
CC721,1,CC721.1,2013,-0.3509510867367432,3105
CC721,3,CC721.3,1981,-0.6200388834074451,1101
CC721,3,CC721.3,1986,-0.8435481653105505,1209
CC721,3,CC721.3,1991,-8.179808624189256e-4,828
CC721,3,CC721.3,1996,-0.6888238202605621,1002
CC721,3,CC721.3,2001,-0.36368272041755284,951
CC721,3,CC721.3,2006,-0.46231057852715945,1263
CC721,3,CC721.3,2013,-0.7243857429468401,1227
CC721,4,CC721.4,1981,-0.6189254308832581,2334
CC721,4,CC721.4,1986,-0.9486580847518422,3195
CC721,4,CC721.4,1991,-0.3483784842592098,1542
CC721,4,CC721.4,1996,-0.4235328659660774,1821
CC721,4,CC721.4,2001,-0.42358098828886653,1692
CC721,4,CC721.4,2006,-0.549176928020058,1545
CC721,4,CC721.4,2013,-0.4933826780093685,1413
CC721,7,CC721.7,1981,-1.1931063855827824,8406
CC721,7,CC721.7,1986,-1.3866417664841908,8994
CC721,7,CC721.7,1991,-0.7978935139610721,5325
CC721,7,CC721.7,1996,-1.0235868388448244,4908
CC721,7,CC721.7,2001,-1.0682115236885088,4674
CC721,7,CC721.7,2006,-1.1132008735679053,5319
CC721,7,CC721.7,2013,-1.1386130134871808,4452
CC721,8,CC721.8,1981,-0.4992800654078066,3717
CC721,8,CC721.8,1986,-0.9045565061655225,4521
CC721,8,CC721.8,1991,-0.6700068314301264,3213
CC721,8,CC721.8,1996,-0.5711428519173027,3897
CC721,8,CC721.8,2001,-0.44029570187057626,4068
CC721,8,CC721.8,2006,-0.4579719823756568,4158
CC721,8,CC721.8,2013,-0.711632797660845,3375
CC721,9,CC721.9,1981,-0.17066289918460686,2757
CC721,9,CC721.9,1986,-0.6641013347179181,2292
CC721,9,CC721.9,1991,-0.11775009912134446,1536
CC721,9,CC721.9,1996,-0.09988878440664946,2136
CC721,9,CC721.9,2001,-0.29130641608201485,1923
CC721,9,CC721.9,2006,-0.6794087043932671,2412
CC721,9,CC721.9,2013,-0.9292410242340329,1938
CC811,7,CC811.7,1981,-0.7601200809823305,8913
CC811,7,CC811.7,1986,-1.097205975660431,7833
CC811,7,CC811.7,1991,-0.8270711837574748,4038
CC811,7,CC811.7,1996,-0.509325422286662,3591
CC811,7,CC811.7,2001,-0.35896483079287095,3528
CC811,7,CC811.7,2006,-0.3490023741669878,3633
CC811,7,CC811.7,2013,-0.4706505523224289,2451
CC811,8,CC811.8,1981,-0.38464254363715333,4659
CC811,8,CC811.8,1986,-0.9121146184696335,4059
CC811,8,CC811.8,1991,-0.7169349959904884,1800
CC811,8,CC811.8,1996,-0.5540958722311923,1623
CC811,8,CC811.8,2001,-0.971180331297687,837
CC811,8,CC811.8,2006,-0.9102614448160803,1020
CC811,8,CC811.8,2013,-1.0624844307289514,873
CC821,1,CC821.1,1981,0.442744510756664,1143
CC821,1,CC821.1,1986,0.021799033180986582,1404
CC821,1,CC821.1,1991,0.7730751438129748,1389
CC821,1,CC821.1,1996,0.45818191564568506,1461
CC821,1,CC821.1,2001,0.2815922643710361,1587
CC821,1,CC821.1,2006,0.5941362670838692,1641
CC821,1,CC821.1,2013,0.8819742513763794,1692
CC821,3,CC821.3,1981,0.18240834608501227,2253
CC821,3,CC821.3,1986,0.05410529917677169,2229
CC821,3,CC821.3,1991,1.0285841551340202,1611
CC821,3,CC821.3,1996,0.39235839362491254,1749
CC821,3,CC821.3,2001,0.24067457750858764,1737
CC821,3,CC821.3,2006,0.2655713075496367,1695
CC821,3,CC821.3,2013,0.42443136776939683,1737
CC821,4,CC821.4,1981,0.2506684943881956,2469
CC821,4,CC821.4,1986,-0.5564163169192851,2550
CC821,4,CC821.4,1991,-0.4366042944782484,1083
CC821,4,CC821.4,1996,-0.21366907451364472,1326
CC821,4,CC821.4,2001,-0.5224077353786147,1326
CC821,4,CC821.4,2006,-0.6306577876488596,954
CC821,4,CC821.4,2013,-0.44941618670045247,948
CC821,8,CC821.8,1981,-0.6178024513276084,3813
CC821,8,CC821.8,1986,-0.938181127616564,3702
CC821,8,CC821.8,1991,-0.6929139826941646,2415
CC821,8,CC821.8,1996,-0.44610666253503994,2364
CC821,8,CC821.8,2001,-0.684942760902352,2673
CC821,8,CC821.8,2006,-0.41310733669687566,2049
CC821,8,CC821.8,2013,-0.657450106734939,1326
CC821,9,CC821.9,1981,-0.4207873004255134,2559
CC821,9,CC821.9,1986,-0.9899179981250699,1815
CC821,9,CC821.9,1991,-0.3432244936391131,1101
CC821,9,CC821.9,1996,-0.751993490391033,1737
CC821,9,CC821.9,2001,-0.8330987702522515,1362
CC821,9,CC821.9,2006,-0.47483148653067697,1566
CC821,9,CC821.9,2013,-0.3920145206553389,1101
CC822,1,CC822.1,1981,-0.8604993813327922,963
CC822,1,CC822.1,1986,-1.3018902639420509,1602
CC822,1,CC822.1,1991,-0.5293926443235288,1635
CC822,1,CC822.1,1996,-0.43502982115133776,1980
CC822,1,CC822.1,2001,-0.6195964884613523,1887
CC822,1,CC822.1,2006,-0.7934743815171177,1932
CC822,1,CC822.1,2013,-0.6709379356049354,1998
CC822,3,CC822.3,1981,-1.0613248241480537,945
CC822,3,CC822.3,1986,-1.0417807934374606,876
CC822,3,CC822.3,1991,-0.3667677251460743,816
CC822,3,CC822.3,1996,-0.3999404492499765,990
CC822,3,CC822.3,2001,-0.4982386996471773,813
CC822,3,CC822.3,2006,-0.9121414430619981,1062
CC822,3,CC822.3,2013,-1.035248449599793,1077
CC822,4,CC822.4,1981,-0.8122411006941965,1740
CC822,4,CC822.4,1986,-1.1260665279970774,2388
CC822,4,CC822.4,1991,-0.6489706739731823,1080
CC822,4,CC822.4,1996,-0.850818272306177,1473
CC822,4,CC822.4,2001,-0.8560950628342903,1224
CC822,4,CC822.4,2006,-0.9574969122204064,1011
CC822,4,CC822.4,2013,-1.0700611806767943,903
CC822,7,CC822.7,1981,-1.5921400351896084,6318
CC822,7,CC822.7,1986,-1.3918122497941103,6801
CC822,7,CC822.7,1991,-1.2657498343499987,4842
CC822,7,CC822.7,1996,-1.1751948703627435,4590
CC822,7,CC822.7,2001,-1.211648814971078,4311
CC822,7,CC822.7,2006,-1.1860706471634133,3591
CC822,7,CC822.7,2013,-1.2325510986330546,2811
CC822,8,CC822.8,1981,-1.1006622058547277,1272
CC822,8,CC822.8,1986,-1.1567522879037013,1749
CC822,8,CC822.8,1991,-0.32607785892946917,1083
CC822,8,CC822.8,1996,-0.5865976541404644,1515
CC822,8,CC822.8,2001,-0.6247311955510654,1623
CC822,8,CC822.8,2006,-0.5041181083206581,1686
CC822,8,CC822.8,2013,-0.8469466681523923,1536
CC91_,1,CC91_.1,1981,0.23461561588497443,915
CC91_,1,CC91_.1,1986,-0.1680487597585686,1494
CC91_,1,CC91_.1,1991,1.0244229020387268,1947
CC91_,1,CC91_.1,1996,0.6859050321418476,1923
CC91_,1,CC91_.1,2001,0.8981561863497647,1869
CC91_,1,CC91_.1,2006,0.8451232037767243,1917
CC91_,1,CC91_.1,2013,0.7230776017291719,1518
CC91_,7,CC91_.7,1981,-0.24665721152457978,5652
CC91_,7,CC91_.7,1986,-0.38394161799717963,5844
CC91_,7,CC91_.7,1991,0.0800301439124836,5193
CC91_,7,CC91_.7,1996,-0.17985844043811994,5166
CC91_,7,CC91_.7,2001,-0.21519851774463047,4869
CC91_,7,CC91_.7,2006,-0.23708015199054117,3618
CC91_,7,CC91_.7,2013,-0.25128437273168486,2544
CC91_,8,CC91_.8,1981,-0.35917924375171817,2022
CC91_,8,CC91_.8,1986,-0.5109058243667048,2250
CC91_,8,CC91_.8,1991,-0.06455575683173852,1833
CC91_,8,CC91_.8,1996,0.06739063757563231,1905
CC91_,8,CC91_.8,2001,-0.21287154105307943,1863
CC91_,8,CC91_.8,2006,-0.14282939079636986,1428
CC91_,8,CC91_.8,2013,-0.365858896248724,834
CC91_,9,CC91_.9,1981,-0.26786382942389564,2169
CC91_,9,CC91_.9,1986,-0.7171106215282108,1866
CC91_,9,CC91_.9,1991,0.2536965302903733,1092
CC91_,9,CC91_.9,1996,0.22460603920905192,1455
CC91_,9,CC91_.9,2001,-0.04690644903202005,1443
CC91_,9,CC91_.9,2006,0.1568485024749904,1344
CC91_,9,CC91_.9,2013,0.12691540837673368,840
DD1_,3,DD1_.3,1981,-0.3249060087793471,1413
DD1_,3,DD1_.3,1986,0.1694501904041182,1533
DD1_,3,DD1_.3,1991,-0.30362931985537556,1344
DD1_,3,DD1_.3,1996,-0.2945503983607617,1158
DD1_,3,DD1_.3,2001,-0.7147548137259064,939
DD1_,3,DD1_.3,2006,-0.46615198137223746,1098
DD1_,3,DD1_.3,2013,-0.4069840319463357,1743
DD1_,4,DD1_.4,1981,0.1657900227695424,1866
DD1_,4,DD1_.4,1986,0.12751431670192387,2250
DD1_,4,DD1_.4,1991,-0.029295045637037682,1698
DD1_,4,DD1_.4,1996,-0.5076396958017764,1593
DD1_,4,DD1_.4,2001,-0.7385142001499682,1242
DD1_,4,DD1_.4,2006,-0.6013329826142787,963
DD1_,4,DD1_.4,2013,-0.7540598991912062,1230
DD1_,8,DD1_.8,1981,-1.1809994404484252,4326
DD1_,8,DD1_.8,1986,-0.9744462727601104,4518
DD1_,8,DD1_.8,1991,-1.0011905613652663,2943
DD1_,8,DD1_.8,1996,-1.086743781907427,2013
DD1_,8,DD1_.8,2001,-1.0274664537759797,1314
DD1_,8,DD1_.8,2006,-1.1784750144734215,1368
DD1_,8,DD1_.8,2013,-1.0493793717390356,1755
DD1_,9,DD1_.9,1981,-0.6239656590608441,1668
DD1_,9,DD1_.9,1986,-0.8473727511804878,2145
DD1_,9,DD1_.9,1991,-0.7419258975797808,1242
DD1_,9,DD1_.9,1996,-1.123621677595523,1050
DD1_,9,DD1_.9,2001,-1.0876135158746916,783
DD1_,9,DD1_.9,2006,-1.1104649562306705,1002
DD1_,9,DD1_.9,2013,-1.0004718199126479,1506
EE1_,1,EE1_.1,1981,-0.3248991397392179,963
EE1_,1,EE1_.1,1986,-0.6464681939989774,1959
EE1_,1,EE1_.1,1991,0.18464914852905262,3108
EE1_,1,EE1_.1,1996,-0.4806424965207651,4134
EE1_,1,EE1_.1,2001,-0.07667647230017972,5562
EE1_,1,EE1_.1,2006,-0.13174095844860145,8661
EE1_,1,EE1_.1,2013,-0.49587080303176584,10275
EE1_,2,EE1_.2,1981,0.9676974573520128,1353
EE1_,2,EE1_.2,1986,0.41768287360749923,1167
EE1_,2,EE1_.2,1991,1.5234234921595102,1101
EE1_,2,EE1_.2,1996,-0.7563319555914408,1497
EE1_,2,EE1_.2,2001,0.3164812818247135,2319
EE1_,2,EE1_.2,2006,0.4377840829842675,3519
EE1_,2,EE1_.2,2013,-0.13197043386412213,4275
EE1_,3,EE1_.3,1981,-0.3129417393412051,1686
EE1_,3,EE1_.3,1986,-0.33076151861491365,1290
EE1_,3,EE1_.3,1991,0.6016274944690309,1704
EE1_,3,EE1_.3,1996,-0.7491836068475868,2514
EE1_,3,EE1_.3,2001,-0.6373277167548796,3927
EE1_,3,EE1_.3,2006,-0.7386896021112379,5607
EE1_,3,EE1_.3,2013,-0.8707659371407129,6981
EE1_,4,EE1_.4,1981,-1.2597365951473076,3321
EE1_,4,EE1_.4,1986,-1.1829374521250515,4818
EE1_,4,EE1_.4,1991,-0.6661216632803448,3342
EE1_,4,EE1_.4,1996,-1.1214325445216318,4296
EE1_,4,EE1_.4,2001,-0.8026986473187278,4590
EE1_,4,EE1_.4,2006,-0.985479951295564,5592
EE1_,4,EE1_.4,2013,-0.991889839505459,5262
EE1_,7,EE1_.7,1981,-0.852749970301232,23307
EE1_,7,EE1_.7,1986,-0.5271495986606015,24981
EE1_,7,EE1_.7,1991,-0.46892098692575557,24036
EE1_,7,EE1_.7,1996,-0.8886011100716698,24663
EE1_,7,EE1_.7,2001,-0.7736656346664427,26037
EE1_,7,EE1_.7,2006,-0.9899077334650587,32202
EE1_,7,EE1_.7,2013,-0.9348030785982583,29961
EE1_,8,EE1_.8,1981,-1.4825373744601753,7101
EE1_,8,EE1_.8,1986,-1.0753217115901637,8406
EE1_,8,EE1_.8,1991,-1.1492298717007923,7401
EE1_,8,EE1_.8,1996,-1.1831919625254848,9102
EE1_,8,EE1_.8,2001,-1.1279029782055758,11304
EE1_,8,EE1_.8,2006,-1.1468313493255429,14865
EE1_,8,EE1_.8,2013,-1.1223979653771017,14532
EE1_,9,EE1_.9,1981,-1.0234811486609956,4665
EE1_,9,EE1_.9,1986,-0.6688381939528626,5907
EE1_,9,EE1_.9,1991,-1.1581526496270278,3489
EE1_,9,EE1_.9,1996,-1.2159426708903105,4383
EE1_,9,EE1_.9,2001,-1.1435646541572266,4737
EE1_,9,EE1_.9,2006,-1.178549082267654,7338
EE1_,9,EE1_.9,2013,-0.9564963871803857,9645
EE110,4,EE110.4,1981,-0.8907318520897676,1098
EE110,4,EE110.4,1986,-0.67327950123488145,1464
EE110,4,EE110.4,1991,-0.35522564956059904,993
EE110,4,EE110.4,1996,-0.4352212419268841,1026
EE110,4,EE110.4,2001,-0.21725823509126616,840
EE110,4,EE110.4,2006,-0.6541922970615749,1311
EE110,4,EE110.4,2013,-0.4545185770739637,1299
EE110,7,EE110.7,1981,-1.0332731347267679,13467
EE110,7,EE110.7,1986,-0.572676661310356,15291
EE110,7,EE110.7,1991,-0.10759347700926838,14058
EE110,7,EE110.7,1996,-0.2325033227387536,13710
EE110,7,EE110.7,2001,-0.11608415944841723,11631
EE110,7,EE110.7,2006,-0.7612484725233091,18642
EE110,7,EE110.7,2013,-0.6133505794083864,17217
EE110,9,EE110.9,1981,-0.5833730298027076,1188
EE110,9,EE110.9,1986,-0.29271659077635864,1827
EE110,9,EE110.9,1991,-0.00800027982311982,1056
EE110,9,EE110.9,1996,-0.22443076771657472,2154
EE110,9,EE110.9,2001,-0.3506206683138161,1260
EE110,9,EE110.9,2006,-0.9871805242798757,2898
EE110,9,EE110.9,2013,-0.4392679861392819,2478
EE113,7,EE113.7,1981,-0.37363535791026675,4977
EE113,7,EE113.7,1986,-0.7748430664329465,7161
EE113,7,EE113.7,1991,-0.8646725117822834,4149
EE113,7,EE113.7,1996,-1.044559199642053,3045
EE113,7,EE113.7,2001,-1.037698765443517,3459
EE113,7,EE113.7,2006,-1.1005491331399173,3597
EE113,7,EE113.7,2013,-1.041556575337531,2934
FF11_,1,FF11_.1,1981,1.2289439894889511,1644
FF11_,1,FF11_.1,1986,1.2083212017587797,3867
FF11_,1,FF11_.1,1991,1.6567507963081678,6327
FF11_,1,FF11_.1,1996,1.6223071691928193,7551
FF11_,1,FF11_.1,2001,1.4992699241014227,8562
FF11_,1,FF11_.1,2006,1.4634994838301476,8778
FF11_,1,FF11_.1,2013,1.2963939020002582,8814
FF11_,3,FF11_.3,1981,0.8004007758080545,2106
FF11_,3,FF11_.3,1986,1.2759123454208097,3543
FF11_,3,FF11_.3,1991,1.8801988410350179,4695
FF11_,3,FF11_.3,1996,1.7792465159666708,5958
FF11_,3,FF11_.3,2001,1.5546679127108016,5559
FF11_,3,FF11_.3,2006,1.2218241001697583,5148
FF11_,3,FF11_.3,2013,0.7596015261411837,5244
FF11_,4,FF11_.4,1981,1.2626242803648329,3255
FF11_,4,FF11_.4,1986,1.0421252509071761,5580
FF11_,4,FF11_.4,1991,0.920173381157555,4071
FF11_,4,FF11_.4,1996,0.7283177830517801,5301
FF11_,4,FF11_.4,2001,0.5537653696438919,5097
FF11_,4,FF11_.4,2006,0.7365561538495761,4410
FF11_,4,FF11_.4,2013,0.4156254240945627,3870
FF11_,5,FF11_.5,1981,-0.3220762369209167,2100
FF11_,5,FF11_.5,1986,1.3840248301978004,3834
FF11_,5,FF11_.5,1991,0.43177265322317443,1914
FF11_,5,FF11_.5,1996,-0.248271937120429,2928
FF11_,5,FF11_.5,2001,-0.08666869911721407,3471
FF11_,5,FF11_.5,2006,-0.045771110747825056,3150
FF11_,5,FF11_.5,2013,-0.44419277217403275,3171
FF11_,7,FF11_.7,1981,-1.0077094935020259,1884
FF11_,7,FF11_.7,1986,-0.6536380808448051,2493
FF11_,7,FF11_.7,1991,-1.3416346778726302,2130
FF11_,7,FF11_.7,1996,-1.1112656777628316,2613
FF11_,7,FF11_.7,2001,-0.986836095433961,3003
FF11_,7,FF11_.7,2006,-1.0546118261689181,3138
FF11_,7,FF11_.7,2013,-1.1150865588318724,2880
FF11_,9,FF11_.9,1981,-0.58711269817733025,1494
FF11_,9,FF11_.9,1986,-0.5353253947911736,1461
FF11_,9,FF11_.9,1991,0.08701144167134915,1245
FF11_,9,FF11_.9,1996,0.3827923844259125,1485
FF11_,9,FF11_.9,2001,0.13071000095519056,1722
FF11_,9,FF11_.9,2006,0.4983417003818291,2049
FF11_,9,FF11_.9,2013,0.4053999584787425,1923
FF110,1,FF110.1,1981,1.1898553668277554,2544
FF110,1,FF110.1,1986,0.7181851574738617,3546
FF110,1,FF110.1,1991,1.5252741616127063,5556
FF110,1,FF110.1,1996,1.543462654046832,6345
FF110,1,FF110.1,2001,1.5512422775653645,6693
FF110,1,FF110.1,2006,1.733784824050736,8130
FF110,1,FF110.1,2013,1.7417074987869618,7476
FF110,3,FF110.3,1981,0.978041632001875,2826
FF110,3,FF110.3,1986,0.9768900763373624,3792
FF110,3,FF110.3,1991,1.4807874769283769,3102
FF110,3,FF110.3,1996,1.3687729864133402,3516
FF110,3,FF110.3,2001,1.4152946497587262,3510
FF110,3,FF110.3,2006,1.4273019011721673,4461
FF110,3,FF110.3,2013,1.2846201305012914,3849
FF110,4,FF110.4,1981,1.226880139122695,4434
FF110,4,FF110.4,1986,0.6374015191768653,5673
FF110,4,FF110.4,1991,1.0870654642524293,3579
FF110,4,FF110.4,1996,1.0805719624492518,4899
FF110,4,FF110.4,2001,0.9819286703939445,4455
FF110,4,FF110.4,2006,1.1697436392568716,4305
FF110,4,FF110.4,2013,1.0400716020257632,3321
FF110,5,FF110.5,1981,1.0097864723517973,1764
FF110,5,FF110.5,1986,0.462548349959105,1656
FF110,5,FF110.5,1991,1.1195915581333251,1521
FF110,5,FF110.5,1996,1.1126156987464728,2043
FF110,5,FF110.5,2001,1.425889186556856,2424
FF110,5,FF110.5,2006,1.499468255242978,2583
FF110,5,FF110.5,2013,1.4087912496862958,2589
FF110,9,FF110.9,1981,1.1213063808493708,2382
FF110,9,FF110.9,1986,0.5131827082127013,2109
FF110,9,FF110.9,1991,0.9805466197504061,1878
FF110,9,FF110.9,1996,0.8699239421886544,2067
FF110,9,FF110.9,2001,0.583041421844014,2385
FF110,9,FF110.9,2006,0.9016037941735029,2787
FF110,9,FF110.9,2013,0.7560630740687232,2133
FF111,1,FF111.1,1981,0.5632452995853181,1647
FF111,1,FF111.1,1986,1.5007397203819686,2304
FF111,1,FF111.1,1991,0.4210153286599029,2865
FF111,1,FF111.1,1996,0.8569218587580454,3744
FF111,1,FF111.1,2001,0.5630214786847934,3945
FF111,1,FF111.1,2006,0.5874968124707599,4050
FF111,1,FF111.1,2013,0.38219219042356267,4662
FF111,3,FF111.3,1981,-0.40216961208522245,3120
FF111,3,FF111.3,1986,-0.026569577321519024,3165
FF111,3,FF111.3,1991,-1.0629401329631425,1959
FF111,3,FF111.3,1996,-0.7574542894253673,2529
FF111,3,FF111.3,2001,-0.7584870603034077,2313
FF111,3,FF111.3,2006,-0.41017079448649746,2256
FF111,3,FF111.3,2013,-0.7131470954664728,2445
FF111,4,FF111.4,1981,0.43803072562222883,5058
FF111,4,FF111.4,1986,0.8756826496962661,4875
FF111,4,FF111.4,1991,-0.8233909184563691,2313
FF111,4,FF111.4,1996,-0.6397839244221548,3186
FF111,4,FF111.4,2001,-0.5051896252111702,2907
FF111,4,FF111.4,2006,-0.1727548318087517,2313
FF111,4,FF111.4,2013,-0.43745131196620984,2298
FF111,5,FF111.5,1981,-0.6793647945182855,1848
FF111,5,FF111.5,1986,-0.24643014890851916,1695
FF111,5,FF111.5,1991,-0.9024090471702894,870
FF111,5,FF111.5,1996,-0.748898443977526,1383
FF111,5,FF111.5,2001,-1.048824522970961,1887
FF111,5,FF111.5,2006,-1.016687721904619,1188
FF111,5,FF111.5,2013,-0.7762845028932299,1314
FF111,8,FF111.8,1981,-0.9829608656167629,1101
FF111,8,FF111.8,1986,-0.8760528192578757,948
FF111,8,FF111.8,1991,-1.1649855449883588,801
FF111,8,FF111.8,1996,-1.1416703136783155,1194
FF111,8,FF111.8,2001,-0.9488837746392594,1356
FF111,8,FF111.8,2006,-0.9373946652884687,1506
FF111,8,FF111.8,2013,-0.8789617431954324,1401
FF111,9,FF111.9,1981,-0.9854144274068244,2481
FF111,9,FF111.9,1986,-0.6958227849643389,1638
FF111,9,FF111.9,1991,-0.7607221559800813,1074
FF111,9,FF111.9,1996,-0.819498996958885,1257
FF111,9,FF111.9,2001,-0.9680603505582746,1272
FF111,9,FF111.9,2006,-0.5159893102714466,1590
FF111,9,FF111.9,2013,-0.6340964901688504,1491
FF114,1,FF114.1,1981,1.3389152314274388,966
FF114,1,FF114.1,1986,1.7897712307401479,1494
FF114,1,FF114.1,1991,1.8422003667832645,2163
FF114,1,FF114.1,1996,1.588025143738699,2730
FF114,1,FF114.1,2001,1.708839618773647,2850
FF114,1,FF114.1,2006,1.6542151203340523,3213
FF114,1,FF114.1,2013,1.6436562180805743,3765
FF114,3,FF114.3,1981,1.4471596882264353,999
FF114,3,FF114.3,1986,0.4232833857405868,1548
FF114,3,FF114.3,1991,-0.2907644204506186,1572
FF114,3,FF114.3,1996,-0.021592173565479007,1737
FF114,3,FF114.3,2001,0.8041471930646193,1779
FF114,3,FF114.3,2006,0.9743798809724372,1773
FF114,3,FF114.3,2013,0.8333378402999954,1857
FF114,4,FF114.4,1981,1.7409765748468096,2829
FF114,4,FF114.4,1986,1.6875321291027099,3567
FF114,4,FF114.4,1991,0.5179790861216221,2418
FF114,4,FF114.4,1996,-0.39317269771539515,3207
FF114,4,FF114.4,2001,-0.4980714943371602,3102
FF114,4,FF114.4,2006,-0.10613084161354107,2670
FF114,4,FF114.4,2013,-0.294679788868439,2553
FF114,5,FF114.5,1981,-0.5212160902604853,1182
FF114,5,FF114.5,1986,0.07124739889615761,1284
FF114,5,FF114.5,1991,-1.0654768587842853,1329
FF114,5,FF114.5,1996,-0.8989024616856716,1851
FF114,5,FF114.5,2001,-0.7818836580196304,1839
FF114,5,FF114.5,2006,-0.4147731021772254,1737
FF114,5,FF114.5,2013,-0.22364076228587706,1893
FF114,8,FF114.8,1981,-1.1426142262037609,882
FF114,8,FF114.8,1986,-0.7323178284325002,975
FF114,8,FF114.8,1991,-1.131976722038079,1317
FF114,8,FF114.8,1996,-1.13187186573857,1530
FF114,8,FF114.8,2001,-1.0755637420853608,1776
FF114,8,FF114.8,2006,-1.1017149277124878,1728
FF114,8,FF114.8,2013,-0.9488677853678976,1395
FF114,9,FF114.9,1981,-0.7522491156285429,2916
FF114,9,FF114.9,1986,-0.5923859250698965,2343
FF114,9,FF114.9,1991,-1.0019607902181462,1776
FF114,9,FF114.9,1996,-0.8675372353334228,1773
FF114,9,FF114.9,2001,-0.9453883705150274,1659
FF114,9,FF114.9,2006,-0.5711397221436025,2202
FF114,9,FF114.9,2013,-0.4184695868871877,2193
GH111,1,GH111.1,1981,-1.1860119368666586,1440
GH111,1,GH111.1,1986,-0.9105489303236293,2310
GH111,1,GH111.1,1991,-1.1930545670433883,3363
GH111,1,GH111.1,1996,-1.1835030168670104,2985
GH111,1,GH111.1,2001,-0.8349396863750416,2919
GH111,1,GH111.1,2006,-1.0911393769639388,3597
GH111,1,GH111.1,2013,-1.0003810528964814,2967
GH111,4,GH111.4,1981,-1.0365172360210526,2622
GH111,4,GH111.4,1986,-0.9809550480919027,2823
GH111,4,GH111.4,1991,-1.3756703122182956,1689
GH111,4,GH111.4,1996,-1.0838971978866103,1356
GH111,4,GH111.4,2001,-0.9911681624874662,1314
GH111,4,GH111.4,2006,-1.060303536577907,1191
GH111,4,GH111.4,2013,-0.7940890278836449,990
GH111,5,GH111.5,1981,-1.4183821125518297,4728
GH111,5,GH111.5,1986,-1.3907022833871667,4839
GH111,5,GH111.5,1991,-1.1531301446375795,3150
GH111,5,GH111.5,1996,-1.1027330707832206,2751
GH111,5,GH111.5,2001,-1.0698870758991026,2556
GH111,5,GH111.5,2006,-1.1069884006721744,3081
GH111,5,GH111.5,2013,-0.7902964860981984,2412
GH111,7,GH111.7,1981,-1.3079609969715391,3087
GH111,7,GH111.7,1986,-1.124951921890214,4116
GH111,7,GH111.7,1991,-1.153938600749643,2928
GH111,7,GH111.7,1996,-1.1895535749206716,2475
GH111,7,GH111.7,2001,-1.0462234549314222,2556
GH111,7,GH111.7,2006,-1.2130301602650297,2586
GH111,7,GH111.7,2013,-1.1231247235109698,2325
GH111,9,GH111.9,1981,-1.4530128930393986,1296
GH111,9,GH111.9,1986,-1.2206229081483364,1104
GH111,9,GH111.9,1991,-1.2234849598182953,978
GH111,9,GH111.9,1996,-1.1769577016482897,1188
GH111,9,GH111.9,2001,-1.105151113241444,1368
GH111,9,GH111.9,2006,-1.2302364498438259,1500
GH111,9,GH111.9,2013,-1.1578604959216265,1170
GH112,1,GH112.1,1981,-1.1496185652885689,1011
GH112,1,GH112.1,1986,-0.8422251210148829,1704
GH112,1,GH112.1,1991,-1.143402576290901,2169
GH112,1,GH112.1,1996,-0.9292039358132317,1443
GH112,1,GH112.1,2001,-1.089311671677902,1344
GH112,1,GH112.1,2006,-1.0688841725876812,1140
GH112,1,GH112.1,2013,-1.0592274554720749,945
GH112,5,GH112.5,1981,-1.5300741781014127,2880
GH112,5,GH112.5,1986,-1.1426534055290936,3351
GH112,5,GH112.5,1991,-1.3930634629793393,3423
GH112,5,GH112.5,1996,-1.1541229630408896,4791
GH112,5,GH112.5,2001,-1.1766318182602642,4374
GH112,5,GH112.5,2006,-1.1238161333513823,2709
GH112,5,GH112.5,2013,-1.0413023669714936,1536
GH121,1,GH121.1,1981,-0.41725298261072463,3441
GH121,1,GH121.1,1986,0.42453480740830557,3915
GH121,1,GH121.1,1991,-1.3405625977004871,4770
GH121,1,GH121.1,1996,-0.7762169318851226,4806
GH121,1,GH121.1,2001,-0.9247174725276706,4650
GH121,1,GH121.1,2006,-1.049948169201998,6462
GH121,1,GH121.1,2013,-0.7923057329508565,7257
GH121,4,GH121.4,1981,-0.900484056248561,2298
GH121,4,GH121.4,1986,-1.2954701890144824,4290
GH121,4,GH121.4,1991,-1.100261495595119,5439
GH121,4,GH121.4,1996,-0.7879441364158398,8751
GH121,4,GH121.4,2001,-1.0397175998224544,10464
GH121,4,GH121.4,2006,-1.066164561126989,10641
GH121,4,GH121.4,2013,-1.079934338971792,10605
GH121,5,GH121.5,1981,-1.436721149685913,12480
GH121,5,GH121.5,1986,-1.3145478839966702,12096
GH121,5,GH121.5,1991,-1.2453076981201485,12312
GH121,5,GH121.5,1996,-1.0513486766432238,14190
GH121,5,GH121.5,2001,-1.023515745382565,13509
GH121,5,GH121.5,2006,-1.0575061843173483,13647
GH121,5,GH121.5,2013,-0.9201255924842751,13323
GH121,9,GH121.9,1981,-0.8769113746255914,1923
GH121,9,GH121.9,1986,-0.9240473051506052,2355
GH121,9,GH121.9,1991,-0.24279295704687462,2469
GH121,9,GH121.9,1996,-0.495895498578949,1932
GH121,9,GH121.9,2001,-1.1189967625459392,2379
GH121,9,GH121.9,2006,-1.110350573451939,1887
GH121,9,GH121.9,2013,-1.1476316867943919,2073
GH122,1,GH122.1,1981,1.3805907036237008,1599
GH122,1,GH122.1,1986,1.4569167390741715,2061
GH122,1,GH122.1,1991,1.4844535674441797,2211
GH122,1,GH122.1,1996,1.4294159131942283,2331
GH122,1,GH122.1,2001,1.091936310945167,2247
GH122,1,GH122.1,2006,1.4028155183231095,2634
GH122,1,GH122.1,2013,0.7182107239513381,2823
GH122,5,GH122.5,1981,0.9172369321588308,3006
GH122,5,GH122.5,1986,1.1991726187941305,3240
GH122,5,GH122.5,1991,0.3863004841308002,2979
GH122,5,GH122.5,1996,-0.3566502625141446,3018
GH122,5,GH122.5,2001,0.5127706932706532,2850
GH122,5,GH122.5,2006,1.0371475804531884,3087
GH122,5,GH122.5,2013,0.6979988693271784,2727
GH122,7,GH122.7,1981,-0.9712119642926668,3225
GH122,7,GH122.7,1986,-0.7572034595086199,2883
GH122,7,GH122.7,1991,-1.3389969448886336,1938
GH122,7,GH122.7,1996,-1.17131383618516,1020
GH122,7,GH122.7,2001,-1.041353818802556,870
GH122,7,GH122.7,2006,-0.6360918909337785,951
GH122,7,GH122.7,2013,-0.8918505537662762,876
GH130,1,GH130.1,1981,0.9052839920477143,1869
GH130,1,GH130.1,1986,0.3715831628715636,2655
GH130,1,GH130.1,1991,1.1695823319587375,4479
GH130,1,GH130.1,1996,1.3348480130182516,4539
GH130,1,GH130.1,2001,1.399313389200346,4461
GH130,1,GH130.1,2006,1.4290352356970122,6249
GH130,1,GH130.1,2013,1.5102507516332175,6072
GH130,2,GH130.2,1981,0.5626118328293171,1497
GH130,2,GH130.2,1986,0.6445563215072672,1776
GH130,2,GH130.2,1991,0.9924065795403181,1818
GH130,2,GH130.2,1996,1.2076905260374067,1761
GH130,2,GH130.2,2001,1.591399942854816,2235
GH130,2,GH130.2,2006,0.3890271563638895,3177
GH130,2,GH130.2,2013,1.6980229969247687,3180
GH130,3,GH130.3,1981,-1.0018395081557603,1068
GH130,3,GH130.3,1986,-0.39479864176343255,1317
GH130,3,GH130.3,1991,-0.4018113841018254,1806
GH130,3,GH130.3,1996,0.2015617155491565,1542
GH130,3,GH130.3,2001,-0.17895228686622872,2019
GH130,3,GH130.3,2006,0.48541960265197265,2520
GH130,3,GH130.3,2013,-0.06309551720059409,3474
GH130,4,GH130.4,1981,0.19812368018789692,996
GH130,4,GH130.4,1986,-1.006919612825254,1422
GH130,4,GH130.4,1991,-0.037441545690165313,1083
GH130,4,GH130.4,1996,0.5635127107810957,1560
GH130,4,GH130.4,2001,1.1454096492616566,1647
GH130,4,GH130.4,2006,0.5088716625763311,1890
GH130,4,GH130.4,2013,0.6303800618736614,1875
GH130,5,GH130.5,1981,-0.3749226691061509,5679
GH130,5,GH130.5,1986,-0.770335257394054,6474
GH130,5,GH130.5,1991,-0.27634806638639575,8187
GH130,5,GH130.5,1996,-0.05696943159451283,8439
GH130,5,GH130.5,2001,0.18198859465158604,8544
GH130,5,GH130.5,2006,0.3216438099705965,9993
GH130,5,GH130.5,2013,1.27150200644905,8634
GH130,9,GH130.9,1981,-0.9147398981330435,2559
GH130,9,GH130.9,1986,-0.22479012860142608,2394
GH130,9,GH130.9,1991,-0.7940786821569213,1173
GH130,9,GH130.9,1996,-0.7951817132383412,1341
GH130,9,GH130.9,2001,-0.6761085281884327,1179
GH130,9,GH130.9,2006,-0.6631250677717889,1470
GH130,9,GH130.9,2013,-0.21201983271116984,1416
GH131,1,GH131.1,1981,0.003488811460267277,2625
GH131,1,GH131.1,1986,-0.34173563103480004,4698
GH131,1,GH131.1,1991,-0.3016528884760843,5712
GH131,1,GH131.1,1996,0.0015123458448659305,5334
GH131,1,GH131.1,2001,0.222526173481532,5031
GH131,1,GH131.1,2006,0.279164330924338,6534
GH131,1,GH131.1,2013,0.290227167565792,6408
GH131,3,GH131.3,1981,-0.9142221273902911,1311
GH131,3,GH131.3,1986,-0.8172550480943452,1992
GH131,3,GH131.3,1991,-0.5096324815765811,1692
GH131,3,GH131.3,1996,-0.6345629565212805,2022
GH131,3,GH131.3,2001,1.068753403400302,1827
GH131,3,GH131.3,2006,-0.24405111192411028,3021
GH131,3,GH131.3,2013,0.41683108264410973,3531
GH131,4,GH131.4,1981,-0.3514859568665349,3933
GH131,4,GH131.4,1986,-1.0578478365349229,4824
GH131,4,GH131.4,1991,-1.1966544976103015,3021
GH131,4,GH131.4,1996,-0.7420845925138396,2787
GH131,4,GH131.4,2001,-0.28181155788626994,2553
GH131,4,GH131.4,2006,-0.99567526428345,3291
GH131,4,GH131.4,2013,-0.9898777881302242,3096
GH131,5,GH131.5,1981,-1.1764102763182358,9969
GH131,5,GH131.5,1986,-0.7507565852332548,9951
GH131,5,GH131.5,1991,-1.044041250548478,6663
GH131,5,GH131.5,1996,-0.8101244003681787,7212
GH131,5,GH131.5,2001,-0.2827499963449443,7440
GH131,5,GH131.5,2006,-0.9429544634480447,9684
GH131,5,GH131.5,2013,-0.6214767986629799,9321
GH131,7,GH131.7,1981,-1.3515953661895093,1962
GH131,7,GH131.7,1986,-1.1585942549660995,2637
GH131,7,GH131.7,1991,-1.2676937812416607,1800
GH131,7,GH131.7,1996,-1.1953169870108695,1293
GH131,7,GH131.7,2001,-1.175742875804755,1284
GH131,7,GH131.7,2006,-1.2445404051885456,1551
GH131,7,GH131.7,2013,-1.1545579255765441,1251
GH131,9,GH131.9,1981,-1.2567963751382776,1950
GH131,9,GH131.9,1986,-1.5148006832901484,1542
GH131,9,GH131.9,1991,-1.179652215961054,1335
GH131,9,GH131.9,1996,-0.6127086812966788,1320
GH131,9,GH131.9,2001,-0.6776415433300544,1512
GH131,9,GH131.9,2006,-0.938017515652097,1725
GH131,9,GH131.9,2013,-0.5788359663396844,1500
GH132,1,GH132.1,1981,-0.16422604491592177,2859
GH132,1,GH132.1,1986,0.14782974770657564,4518
GH132,1,GH132.1,1991,0.7471524022005075,6153
GH132,1,GH132.1,1996,1.2131600997173433,6456
GH132,1,GH132.1,2001,1.4629554861307128,6600
GH132,1,GH132.1,2006,1.4524568596950802,7746
GH132,1,GH132.1,2013,1.6067814287091513,7860
GH132,4,GH132.4,1981,1.4185584763070043,1302
GH132,4,GH132.4,1986,0.8367731041984291,1572
GH132,4,GH132.4,1991,0.3802429827911751,1098
GH132,4,GH132.4,1996,0.46763417517820216,1290
GH132,4,GH132.4,2001,0.10326110589218646,1542
GH132,4,GH132.4,2006,0.41760275955457693,1389
GH132,4,GH132.4,2013,0.31282656592920505,1131
GH132,5,GH132.5,1981,-0.6450288898409682,11337
GH132,5,GH132.5,1986,-0.21214343388263898,11235
GH132,5,GH132.5,1991,-0.7176143446258051,9447
GH132,5,GH132.5,1996,0.26187410917990317,11247
GH132,5,GH132.5,2001,1.344819267548396,12150
GH132,5,GH132.5,2006,1.0396311829502018,14334
GH132,5,GH132.5,2013,0.7999239212747372,13851
GH133,4,GH133.4,1981,0.5323496953266535,2151
GH133,4,GH133.4,1986,0.46088667872847205,2097
GH133,4,GH133.4,1991,-0.37069865449323675,1134
GH133,4,GH133.4,1996,-1.0836362772513626,2148
GH133,4,GH133.4,2001,-1.1570254500326453,2553
GH133,4,GH133.4,2006,-1.0498031546830207,2316
GH133,4,GH133.4,2013,-1.005073679725387,1959
GH133,5,GH133.5,1981,-0.1197372397476686,7545
GH133,5,GH133.5,1986,0.12013052087730972,5925
GH133,5,GH133.5,1991,-0.6283376013965781,3759
GH133,5,GH133.5,1996,-1.2449425007699557,6663
GH133,5,GH133.5,2001,-1.1557653263098615,7125
GH133,5,GH133.5,2006,-1.0707517895474876,6348
GH133,5,GH133.5,2013,-1.0801017678321265,6549
GH21_,1,GH21_.1,1981,0.5857615201827495,7728
GH21_,1,GH21_.1,1986,0.828681595636613,10716
GH21_,1,GH21_.1,1991,1.0158122574822033,11451
GH21_,1,GH21_.1,1996,0.7254125021581104,13782
GH21_,1,GH21_.1,2001,0.5889372569132981,15999
GH21_,1,GH21_.1,2006,0.4174531540494559,20070
GH21_,1,GH21_.1,2013,0.9667857737039702,20610
GH21_,4,GH21_.4,1981,0.9678296334052169,2073
GH21_,4,GH21_.4,1986,0.6350050175627674,2988
GH21_,4,GH21_.4,1991,0.9057837062021274,2505
GH21_,4,GH21_.4,1996,0.7866565694895842,3486
GH21_,4,GH21_.4,2001,0.797182761278796,3744
GH21_,4,GH21_.4,2006,0.9209164727208314,4857
GH21_,4,GH21_.4,2013,1.09490323713892,5238
GH21_,5,GH21_.5,1981,0.2591189179932936,21594
GH21_,5,GH21_.5,1986,0.6780205222511353,27645
GH21_,5,GH21_.5,1991,0.7941271635944678,27612
GH21_,5,GH21_.5,1996,0.8175714263004029,39330
GH21_,5,GH21_.5,2001,0.6949645557095618,42177
GH21_,5,GH21_.5,2006,0.561943503533797,47385
GH21_,5,GH21_.5,2013,1.395754801767833,49668
GH21_,9,GH21_.9,1981,-0.24457199787726216,4545
GH21_,9,GH21_.9,1986,-0.22433254724004728,3606
GH21_,9,GH21_.9,1991,-0.7519258641941982,3654
GH21_,9,GH21_.9,1996,-0.3519923828959751,5373
GH21_,9,GH21_.9,2001,-0.6451978596925771,7890
GH21_,9,GH21_.9,2006,-0.5531308985745413,8487
GH21_,9,GH21_.9,2013,-0.6024242324676622,7380
II111,1,II111.1,1981,-0.3680875792602198,1071
II111,1,II111.1,1986,-1.2601644475384017,1791
II111,1,II111.1,1991,-0.6311261201323242,1848
II111,1,II111.1,1996,-1.0648567043064563,2097
II111,1,II111.1,2001,-0.9828094249258311,2178
II111,1,II111.1,2006,-0.9424495726110043,2625
II111,1,II111.1,2013,-0.5684679875508153,2529
II111,4,II111.4,1981,-0.6629652074445069,2895
II111,4,II111.4,1986,-0.9307894483537379,3141
II111,4,II111.4,1991,-0.9377025403626005,2115
II111,4,II111.4,1996,-0.9743892891686063,2655
II111,4,II111.4,2001,-0.6634574557227443,2493
II111,4,II111.4,2006,-0.7444063115166256,2313
II111,4,II111.4,2013,-0.5496708270060439,2160
II111,8,II111.8,1981,-0.688524287461831,13434
II111,8,II111.8,1986,-0.9745807026133305,12387
II111,8,II111.8,1991,-0.8642383111892541,12036
II111,8,II111.8,1996,-1.1043073682814144,13143
II111,8,II111.8,2001,-1.1488218317511703,14010
II111,8,II111.8,2006,-1.1086261252500473,14343
II111,8,II111.8,2013,-1.1278502884679462,13947
II111,9,II111.9,1981,0.336429837141823,1728
II111,9,II111.9,1986,-0.13326704037328144,2310
II111,9,II111.9,1991,-0.8609712686419553,1446
II111,9,II111.9,1996,-1.0345810045528139,1860
II111,9,II111.9,2001,-0.8061463228865786,2112
II111,9,II111.9,2006,-1.009556290133152,2646
II111,9,II111.9,2013,-1.0586808117777824,3363
II123,3,II123.3,1981,0.8051638214490365,2583
II123,3,II123.3,1986,0.07395217009585549,2109
II123,3,II123.3,1991,1.260386820830283,2370
II123,3,II123.3,1996,0.8175327006583997,2238
II123,3,II123.3,2001,0.9958595480503813,2607
II123,3,II123.3,2006,0.9450851304376806,2748
II123,3,II123.3,2013,0.7086627787722993,2814
II123,5,II123.5,1981,0.35742401241010335,1521
II123,5,II123.5,1986,-0.12902789515724425,1605
II123,5,II123.5,1991,1.3265271858631513,1533
II123,5,II123.5,1996,1.5471697967801663,1401
II123,5,II123.5,2001,1.7064437074582381,1455
II123,5,II123.5,2006,1.7250038412196964,1653
II123,5,II123.5,2013,1.3293490200732097,1689
II13_,4,II13_.4,1981,1.5235872023491561,2061
II13_,4,II13_.4,1986,0.5428700167460655,3405
II13_,4,II13_.4,1991,0.8071640291421525,8967
II13_,4,II13_.4,1996,0.38198089538831775,8292
II13_,4,II13_.4,2001,-0.06941667275421215,8835
II13_,4,II13_.4,2006,0.08669046492651879,9390
II13_,4,II13_.4,2013,-0.09363791263929387,8265
II13_,8,II13_.8,1981,0.965929242030496,801
II13_,8,II13_.8,1986,0.08322677814344795,1596
II13_,8,II13_.8,1991,-0.9017322289167613,1926
II13_,8,II13_.8,1996,-0.9873529684464295,1995
II13_,8,II13_.8,2001,-0.8555480643891199,2106
II13_,8,II13_.8,2006,-0.6663185419688872,3819
II13_,8,II13_.8,2013,-0.6349102661544198,3225
II13_,9,II13_.9,1981,0.6602835731016079,1137
II13_,9,II13_.9,1986,0.03912952061358069,1575
II13_,9,II13_.9,1991,0.09485476807747402,5709
II13_,9,II13_.9,1996,-0.7506250585557154,7719
II13_,9,II13_.9,2001,-0.7667957520741476,6864
II13_,9,II13_.9,2006,-0.5738899405779555,7245
II13_,9,II13_.9,2013,-0.6101840466306231,7071
JJ11_,3,JJ11_.3,1981,1.8705731280144102,5037
JJ11_,3,JJ11_.3,1986,1.9654728547167644,5055
JJ11_,3,JJ11_.3,1991,1.9817639861353844,5955
JJ11_,3,JJ11_.3,1996,1.99385382514509,6783
JJ11_,3,JJ11_.3,2001,1.967482755150678,7701
JJ11_,3,JJ11_.3,2006,1.9863082205623162,8667
JJ11_,3,JJ11_.3,2013,1.9204845148108736,7626
JJ11_,4,JJ11_.4,1981,1.8893196353325283,4362
JJ11_,4,JJ11_.4,1986,1.9267229923596918,4359
JJ11_,4,JJ11_.4,1991,1.6580523974287762,2490
JJ11_,4,JJ11_.4,1996,1.9527579608623855,2664
JJ11_,4,JJ11_.4,2001,1.8805730339438778,2190
JJ11_,4,JJ11_.4,2006,1.996365633016714,1986
JJ11_,4,JJ11_.4,2013,1.8915018702586566,1419
JJ11_,9,JJ11_.9,1981,1.0520286754505084,1935
JJ11_,9,JJ11_.9,1986,0.8393398064720887,1230
JJ11_,9,JJ11_.9,1991,0.31978858888386724,1059
JJ11_,9,JJ11_.9,1996,-0.03931954358029944,1902
JJ11_,9,JJ11_.9,2001,-0.6625451529877426,1926
JJ11_,9,JJ11_.9,2006,-0.27667431242091817,1353
JJ11_,9,JJ11_.9,2013,0.4182569183181201,1506
JJ120,1,JJ120.1,1981,1.6003324663582776,4116
JJ120,1,JJ120.1,1986,1.4232721810356184,6738
JJ120,1,JJ120.1,1991,1.7632999496412136,2112
JJ120,1,JJ120.1,1996,1.8932704699661442,1830
JJ120,1,JJ120.1,2001,2.054532270904477,2187
JJ120,1,JJ120.1,2006,2.095505897075418,2643
JJ120,1,JJ120.1,2013,2.0029101556213202,2583
JJ120,2,JJ120.2,1981,1.5630139656494626,1275
JJ120,2,JJ120.2,1986,1.8185546620143285,2208
JJ120,2,JJ120.2,1991,1.5273536233605256,1521
JJ120,2,JJ120.2,1996,1.7049692245008634,1542
JJ120,2,JJ120.2,2001,1.8891236032359067,2718
JJ120,2,JJ120.2,2006,2.049263280313466,2826
JJ120,2,JJ120.2,2013,1.9244996341250038,3390
JJ120,3,JJ120.3,1981,1.566658296133442,6366
JJ120,3,JJ120.3,1986,1.6039279887036626,7632
JJ120,3,JJ120.3,1991,1.3592067105552748,7710
JJ120,3,JJ120.3,1996,1.6677350246796057,4248
JJ120,3,JJ120.3,2001,1.7288155464743864,3159
JJ120,3,JJ120.3,2006,1.6852390183482724,3063
JJ120,3,JJ120.3,2013,1.5875140960854057,2796
JJ120,4,JJ120.4,1981,1.4272012541272276,15507
JJ120,4,JJ120.4,1986,1.6333684719323196,15342
JJ120,4,JJ120.4,1991,1.007116904158933,4935
JJ120,4,JJ120.4,1996,1.249469936775809,3285
JJ120,4,JJ120.4,2001,0.7771350811640263,2595
JJ120,4,JJ120.4,2006,1.2698007836755116,1617
JJ120,4,JJ120.4,2013,1.0914614882433737,1308
JJ123,4,JJ123.4,1981,1.0307896603240863,969
JJ123,4,JJ123.4,1986,1.473073124141404,1014
JJ123,4,JJ123.4,1991,0.9779696937400141,1017
JJ123,4,JJ123.4,1996,1.3524851534829807,1167
JJ123,4,JJ123.4,2001,0.698833331727333,1059
JJ123,4,JJ123.4,2006,0.7860849054985054,1128
JJ123,4,JJ123.4,2013,1.0256717264461044,978
KK1_,1,KK1_.1,1981,1.6047472984789994,999
KK1_,1,KK1_.1,1986,1.7008290692704875,2106
KK1_,1,KK1_.1,1991,1.7405838005368919,2436
KK1_,1,KK1_.1,1996,1.9476619160194661,2490
KK1_,1,KK1_.1,2001,1.963113653266562,3573
KK1_,1,KK1_.1,2006,2.038190347958798,5031
KK1_,1,KK1_.1,2013,1.9055033010854956,5286
KK1_,3,KK1_.3,1981,1.4757278254639852,7665
KK1_,3,KK1_.3,1986,1.740449543431051,7158
KK1_,3,KK1_.3,1991,1.4708949448702113,8454
KK1_,3,KK1_.3,1996,1.4623768697309516,7767
KK1_,3,KK1_.3,2001,1.7365249118745525,6822
KK1_,3,KK1_.3,2006,1.8480695316937963,8421
KK1_,3,KK1_.3,2013,1.5710269683188667,9573
KK1_,4,KK1_.4,1981,1.668485946140673,4956
KK1_,4,KK1_.4,1986,1.8027924050895676,6843
KK1_,4,KK1_.4,1991,1.6716594231616246,5004
KK1_,4,KK1_.4,1996,1.7012026540664698,5070
KK1_,4,KK1_.4,2001,1.8170390898956768,4716
KK1_,4,KK1_.4,2006,1.8142066733759417,4581
KK1_,4,KK1_.4,2013,1.8056399525498554,3870
KK110,1,KK110.1,1981,1.6306700881301952,1467
KK110,1,KK110.1,1986,1.9001640308034473,1470
KK110,1,KK110.1,1991,2.0145499847115143,5598
KK110,1,KK110.1,1996,1.9160579845771217,5877
KK110,1,KK110.1,2001,2.002255438232752,5388
KK110,1,KK110.1,2006,2.057108134564956,8208
KK110,1,KK110.1,2013,2.0073771543034464,9786
KK110,2,KK110.2,1981,1.6990681470825226,984
KK110,2,KK110.2,1986,1.8196951091513127,1080
KK110,2,KK110.2,1991,1.8347985662281847,1689
KK110,2,KK110.2,1996,1.66690788442065,2046
KK110,2,KK110.2,2001,1.7710894266224408,3579
KK110,2,KK110.2,2006,1.8860360571606822,5535
KK110,2,KK110.2,2013,1.89905274266743,7128
KK110,3,KK110.3,1981,1.842894482859278,1137
KK110,3,KK110.3,1986,1.8283295510501198,1401
KK110,3,KK110.3,1991,1.6599475347738646,1575
KK110,3,KK110.3,1996,1.7544021637911666,1842
KK110,3,KK110.3,2001,1.7244992445453176,2604
KK110,3,KK110.3,2006,1.8331186998071172,4698
KK110,3,KK110.3,2013,1.8605279393141172,5376
KK110,4,KK110.4,1981,1.612676493108544,21975
KK110,4,KK110.4,1986,1.6103633455188064,25512
KK110,4,KK110.4,1991,1.1472537505290115,22377
KK110,4,KK110.4,1996,1.3752382875003193,17880
KK110,4,KK110.4,2001,1.5615531291577938,13659
KK110,4,KK110.4,2006,1.6033695240138788,12534
KK110,4,KK110.4,2013,1.6952772739703197,10365
LL12_,3,LL12_.3,1981,0.3870090086105848,3501
LL12_,3,LL12_.3,1986,0.5440729905626253,5097
LL12_,3,LL12_.3,1991,1.2822955116818218,6939
LL12_,3,LL12_.3,1996,1.3323386430123272,9057
LL12_,3,LL12_.3,2001,1.6535018761899487,7896
LL12_,3,LL12_.3,2006,1.4673076116637063,10254
LL12_,3,LL12_.3,2013,1.6335961839874593,8631
LL12_,4,LL12_.4,1981,0.8574470183296298,1527
LL12_,4,LL12_.4,1986,0.6481554672310649,2235
LL12_,4,LL12_.4,1991,0.8646958258046586,2832
LL12_,4,LL12_.4,1996,1.2179976207487713,4356
LL12_,4,LL12_.4,2001,1.5456602119695106,3864
LL12_,4,LL12_.4,2006,0.7051545685849812,4437
LL12_,4,LL12_.4,2013,0.8525739759673976,3558
MN11_,2,MN11_.2,1981,1.6903929912510713,10035
MN11_,2,MN11_.2,1986,1.8430180916389616,12330
MN11_,2,MN11_.2,1991,1.9725752978170124,20967
MN11_,2,MN11_.2,1996,2.00437557673067,25776
MN11_,2,MN11_.2,2001,1.993917633247234,37020
MN11_,2,MN11_.2,2006,1.9603095999744553,50709
MN11_,2,MN11_.2,2013,1.858881895451534,60630
MN11_,3,MN11_.3,1981,0.8089688962724655,4077
MN11_,3,MN11_.3,1986,1.746932326176931,4863
MN11_,3,MN11_.3,1991,2.0554375946970977,15060
MN11_,3,MN11_.3,1996,2.0897367315560302,19560
MN11_,3,MN11_.3,2001,2.0536742405065977,19299
MN11_,3,MN11_.3,2006,2.084052480638955,24588
MN11_,3,MN11_.3,2013,1.9863468757079519,25377
MN11_,4,MN11_.4,1981,1.2500769256031181,11985
MN11_,4,MN11_.4,1986,1.5077899513023767,13608
MN11_,4,MN11_.4,1991,1.5457073400968877,14145
MN11_,4,MN11_.4,1996,1.817757214939779,17772
MN11_,4,MN11_.4,2001,1.773045342598713,19389
MN11_,4,MN11_.4,2006,1.8406338004520628,23409
MN11_,4,MN11_.4,2013,1.8979875668979502,19914
MN21_,2,MN21_.2,1981,1.6693302898079536,3294
MN21_,2,MN21_.2,1986,1.4633240867281554,5103
MN21_,2,MN21_.2,1991,1.9119202867839393,2526
MN21_,2,MN21_.2,1996,2.022647973327419,3120
MN21_,2,MN21_.2,2001,2.019961457625581,5040
MN21_,2,MN21_.2,2006,2.028505386645933,6201
MN21_,2,MN21_.2,2013,2.0209323382058475,5499
MN21_,3,MN21_.3,1981,1.732520516440652,5637
MN21_,3,MN21_.3,1986,1.5264451546064062,8181
MN21_,3,MN21_.3,1991,2.117803489835001,5574
MN21_,3,MN21_.3,1996,2.0120341129485895,7044
MN21_,3,MN21_.3,2001,2.0567334247974682,7641
MN21_,3,MN21_.3,2006,2.048845455997535,8307
MN21_,3,MN21_.3,2013,2.0000162506392387,7857
MN21_,4,MN21_.4,1981,1.4624379877094018,4446
MN21_,4,MN21_.4,1986,1.2949712321150724,6984
MN21_,4,MN21_.4,1991,1.9314722822037362,7287
MN21_,4,MN21_.4,1996,1.8049714174183475,7995
MN21_,4,MN21_.4,2001,1.8391903534434184,8664
MN21_,4,MN21_.4,2006,1.794851891011244,8322
MN21_,4,MN21_.4,2013,1.528969417107343,6399
MN21_,5,MN21_.5,1981,-0.028200375230819513,1719
MN21_,5,MN21_.5,1986,0.22134282294026836,1920
MN21_,5,MN21_.5,1991,1.1984910069893133,1341
MN21_,5,MN21_.5,1996,1.0069699432233268,2655
MN21_,5,MN21_.5,2001,1.0279166363066672,3573
MN21_,5,MN21_.5,2006,1.3443639530961675,4335
MN21_,5,MN21_.5,2013,1.5880453133246084,3948
MN21_,9,MN21_.9,1981,-0.418336103604921,7818
MN21_,9,MN21_.9,1986,0.020066111589800924,7035
MN21_,9,MN21_.9,1991,-0.11112741781551724,7506
MN21_,9,MN21_.9,1996,-0.7470883793412456,9585
MN21_,9,MN21_.9,2001,-0.7099634700328151,11049
MN21_,9,MN21_.9,2006,-0.9074098176347406,13989
MN21_,9,MN21_.9,2013,-0.931905892042162,15795
OO111,2,OO111.2,1981,0.3866497001249675,2211
OO111,2,OO111.2,1986,0.6143906510894745,2352
OO111,2,OO111.2,1991,0.7856478828472289,2124
OO111,2,OO111.2,1996,1.07716022221372,2007
OO111,2,OO111.2,2001,0.6827021519338471,2733
OO111,2,OO111.2,2006,0.7578958278283112,2961
OO111,2,OO111.2,2013,0.8455139863212512,4380
OO111,3,OO111.3,1981,-0.21084844538764363,1020
OO111,3,OO111.3,1986,-0.12241762593813282,1122
OO111,3,OO111.3,1991,-0.5098268728987785,2127
OO111,3,OO111.3,1996,-0.3276997851123916,1773
OO111,3,OO111.3,2001,-0.395542582126799,1878
OO111,3,OO111.3,2006,-0.39777957509037815,2187
OO111,3,OO111.3,2013,-0.6380766104242932,2982
OO111,4,OO111.4,1981,-0.2390063452543158,3105
OO111,4,OO111.4,1986,-0.20801064700041347,2973
OO111,4,OO111.4,1991,-0.3633076438394651,3243
OO111,4,OO111.4,1996,-0.4941436098547721,2847
OO111,4,OO111.4,2001,-0.5018405478326552,2661
OO111,4,OO111.4,2006,-0.27909365348309445,2184
OO111,4,OO111.4,2013,-0.502604146020493,2253
OO21_,4,OO21_.4,1981,1.3471171800815862,909
OO21_,4,OO21_.4,1986,1.4344915757826673,1071
OO21_,4,OO21_.4,1991,0.815505025992156,1587
OO21_,4,OO21_.4,1996,0.5057289586489526,2397
OO21_,4,OO21_.4,2001,0.31843502683649927,2181
OO21_,4,OO21_.4,2006,0.40277075078650393,3081
OO21_,4,OO21_.4,2013,0.2456584861161011,3066
OO21_,5,OO21_.5,1981,0.021309971617896543,9027
OO21_,5,OO21_.5,1986,0.1242720261867395,9534
OO21_,5,OO21_.5,1991,0.1489652642661956,9357
OO21_,5,OO21_.5,1996,0.15745227766573508,13608
OO21_,5,OO21_.5,2001,-0.027016272202045825,14010
OO21_,5,OO21_.5,2006,-0.08327543191373414,15972
OO21_,5,OO21_.5,2013,-0.29090905002942835,17679
OO211,1,OO211.1,1981,1.474061005490293,1794
OO211,1,OO211.1,1986,1.5623274629413106,3891
OO211,1,OO211.1,1991,1.0602855777338165,3936
OO211,1,OO211.1,1996,1.1036230955897413,3630
OO211,1,OO211.1,2001,0.9057632806916006,3174
OO211,1,OO211.1,2006,0.7264006239305761,3507
OO211,1,OO211.1,2013,0.6289099666751676,4365
OO211,2,OO211.2,1981,1.4929522007274618,6708
OO211,2,OO211.2,1986,1.6589490834160185,9258
OO211,2,OO211.2,1991,1.1351696640811189,7377
OO211,2,OO211.2,1996,1.2358611892307296,8532
OO211,2,OO211.2,2001,0.9768655280377094,7770
OO211,2,OO211.2,2006,0.7719583855823114,8328
OO211,2,OO211.2,2013,0.6783143534230672,9402
OO211,3,OO211.3,1981,1.0011446872970846,4179
OO211,3,OO211.3,1986,1.4663413668562937,5466
OO211,3,OO211.3,1991,0.5328638567212277,8400
OO211,3,OO211.3,1996,0.7593893558937057,8379
OO211,3,OO211.3,2001,0.2563342916280928,8451
OO211,3,OO211.3,2006,0.12193782167244274,7377
OO211,3,OO211.3,2013,-0.23332378056543795,8754
OO211,4,OO211.4,1981,1.2345707303897462,17559
OO211,4,OO211.4,1986,1.3511557978031743,17436
OO211,4,OO211.4,1991,0.227099289142484,16599
OO211,4,OO211.4,1996,0.424851888928696,13260
OO211,4,OO211.4,2001,0.5012396843944387,10302
OO211,4,OO211.4,2006,0.3392053220957877,5850
OO211,4,OO211.4,2013,0.1786807902570356,5712
OO211,5,OO211.5,1981,1.2368952843116083,7158
OO211,5,OO211.5,1986,1.1667482541737908,6933
OO211,5,OO211.5,1991,-0.19577503870791904,7185
OO211,5,OO211.5,1996,-0.19560322658637955,1842
OO211,5,OO211.5,2001,0.05485812209761844,906
OO211,5,OO211.5,2006,-0.07079332739190466,858
OO211,5,OO211.5,2013,-0.2358263473691612,1158
PP11_,1,PP11_.1,1981,0.6973559342280973,1164
PP11_,1,PP11_.1,1986,0.20423045675406057,2415
PP11_,1,PP11_.1,1991,0.2107124634763233,3279
PP11_,1,PP11_.1,1996,0.8452513071389934,5136
PP11_,1,PP11_.1,2001,0.4908275258096182,7104
PP11_,1,PP11_.1,2006,1.065912772567109,10593
PP11_,1,PP11_.1,2013,1.1187370462880495,13704
PP11_,2,PP11_.2,1981,0.7791333717140497,49173
PP11_,2,PP11_.2,1986,1.104265788865156,44289
PP11_,2,PP11_.2,1991,0.41817142655572653,47262
PP11_,2,PP11_.2,1996,0.784619489716677,50484
PP11_,2,PP11_.2,2001,0.8777189158066012,61146
PP11_,2,PP11_.2,2006,0.6692091575097229,66501
PP11_,2,PP11_.2,2013,0.3429137690996752,74565
PP11_,3,PP11_.3,1981,0.5117792791615794,3819
PP11_,3,PP11_.3,1986,0.7557261863496875,4161
PP11_,3,PP11_.3,1991,0.23547796440235563,6210
PP11_,3,PP11_.3,1996,-0.33093076991524323,10827
PP11_,3,PP11_.3,2001,-0.7445296746677751,14091
PP11_,3,PP11_.3,2006,-0.4941252634678544,17097
PP11_,3,PP11_.3,2013,-0.300405640903272,19332
PP11_,4,PP11_.4,1981,0.6640910924966283,5292
PP11_,4,PP11_.4,1986,0.7435609275127135,5841
PP11_,4,PP11_.4,1991,-0.39863506343624167,9186
PP11_,4,PP11_.4,1996,0.2968989485662315,7995
PP11_,4,PP11_.4,2001,0.2059383990970511,9852
PP11_,4,PP11_.4,2006,0.4869001081169977,9549
PP11_,4,PP11_.4,2013,0.6868637598717587,9399
PP11_,5,PP11_.5,1981,-0.6437771526597386,1677
PP11_,5,PP11_.5,1986,-0.4870481716208079,1248
PP11_,5,PP11_.5,1991,-1.0856635033703474,1848
PP11_,5,PP11_.5,1996,-0.80721325718895,2796
PP11_,5,PP11_.5,2001,-0.6670582879992968,2862
PP11_,5,PP11_.5,2006,-0.5596899654045858,3966
PP11_,5,PP11_.5,2013,-0.293154985730612,4653
PP11_,9,PP11_.9,1981,-1.4654738498460556,5301
PP11_,9,PP11_.9,1986,-1.4360195561857148,5763
PP11_,9,PP11_.9,1991,-1.4346147427083351,5640
PP11_,9,PP11_.9,1996,-1.2199124445144034,5865
PP11_,9,PP11_.9,2001,-1.29907764006029,6153
PP11_,9,PP11_.9,2006,-1.15043509863854,6594
PP11_,9,PP11_.9,2013,-0.7964114269517932,7608
QQ11_,1,QQ11_.1,1981,1.0625150472615263,876
QQ11_,1,QQ11_.1,1986,0.8900539034670482,2004
QQ11_,1,QQ11_.1,1991,0.4863518869487881,2907
QQ11_,1,QQ11_.1,1996,0.9457509941971579,3993
QQ11_,1,QQ11_.1,2001,0.9995151911565862,5799
QQ11_,1,QQ11_.1,2006,0.2669247694229589,8388
QQ11_,1,QQ11_.1,2013,-0.08442765813773546,11058
QQ11_,2,QQ11_.2,1981,0.9461631962442817,26343
QQ11_,2,QQ11_.2,1986,0.97561313112547,33111
QQ11_,2,QQ11_.2,1991,0.9407298247960587,32994
QQ11_,2,QQ11_.2,1996,1.0328058365002803,32622
QQ11_,2,QQ11_.2,2001,1.0243596949722555,41232
QQ11_,2,QQ11_.2,2006,0.6848797994565571,49644
QQ11_,2,QQ11_.2,2013,0.5346036800244454,60366
QQ11_,3,QQ11_.3,1981,0.219629877992303,17064
QQ11_,3,QQ11_.3,1986,0.5075795525697995,13017
QQ11_,3,QQ11_.3,1991,0.11186776315884074,13764
QQ11_,3,QQ11_.3,1996,-0.09468837834640201,14595
QQ11_,3,QQ11_.3,2001,-0.40400827510024223,18429
QQ11_,3,QQ11_.3,2006,-0.7187017984996806,23532
QQ11_,3,QQ11_.3,2013,-0.9500126335819902,29478
QQ11_,4,QQ11_.4,1981,0.5519058835002042,9879
QQ11_,4,QQ11_.4,1986,0.3833702077190824,10671
QQ11_,4,QQ11_.4,1991,-0.29027162627918196,9798
QQ11_,4,QQ11_.4,1996,-0.8303521487643076,10380
QQ11_,4,QQ11_.4,2001,-0.83796778118757,13398
QQ11_,4,QQ11_.4,2006,-0.9566355978753088,14403
QQ11_,4,QQ11_.4,2013,-1.070828269083647,15102
QQ11_,5,QQ11_.5,1981,-0.685062824340769,18249
QQ11_,5,QQ11_.5,1986,-0.623720657199485,18903
QQ11_,5,QQ11_.5,1991,-0.9974181511530115,19863
QQ11_,5,QQ11_.5,1996,-0.9717678177173926,23040
QQ11_,5,QQ11_.5,2001,-1.041698214971142,30606
QQ11_,5,QQ11_.5,2006,-1.159357598971666,32637
QQ11_,5,QQ11_.5,2013,-1.1908977382642938,37473
QQ11_,8,QQ11_.8,1981,-0.46681460525243745,2073
QQ11_,8,QQ11_.8,1986,-0.35049341222699015,2031
QQ11_,8,QQ11_.8,1991,-0.9045570236739898,1569
QQ11_,8,QQ11_.8,1996,-0.6388774239517665,912
QQ11_,8,QQ11_.8,2001,-0.830607161960412,879
QQ11_,8,QQ11_.8,2006,-0.9020170246992666,1038
QQ11_,8,QQ11_.8,2013,-1.181840275297576,1248
QQ11_,9,QQ11_.9,1981,-0.04946348048474089,3045
QQ11_,9,QQ11_.9,1986,-0.24743189931151524,2643
QQ11_,9,QQ11_.9,1991,-0.9142133345785705,3483
QQ11_,9,QQ11_.9,1996,-0.5262755258137696,3354
QQ11_,9,QQ11_.9,2001,-0.874671115646765,4473
QQ11_,9,QQ11_.9,2006,-1.006414629856527,4446
QQ11_,9,QQ11_.9,2013,-1.1565586456828392,5277
RS11_,3,RS11_.3,1981,1.7055855860650468,2250
RS11_,3,RS11_.3,1986,1.7123884479736122,2940
RS11_,3,RS11_.3,1991,1.9487007159692817,4947
RS11_,3,RS11_.3,1996,1.9549352121595083,5391
RS11_,3,RS11_.3,2001,1.8580875709444784,7128
RS11_,3,RS11_.3,2006,1.5065593808580564,9219
RS11_,3,RS11_.3,2013,1.4018256987118283,11211
RS11_,4,RS11_.4,1981,0.46997037672860986,2487
RS11_,4,RS11_.4,1986,1.1225450610926435,2628
RS11_,4,RS11_.4,1991,0.03161353310295902,2334
RS11_,4,RS11_.4,1996,1.300252373646828,3450
RS11_,4,RS11_.4,2001,1.4573539158183015,3900
RS11_,4,RS11_.4,2006,0.5973430398299281,3729
RS11_,4,RS11_.4,2013,1.2451541254855591,3285
RS11_,5,RS11_.5,1981,-0.3958131885808256,861
RS11_,5,RS11_.5,1986,-0.6154974699395345,1200
RS11_,5,RS11_.5,1991,0.26765610912839233,1452
RS11_,5,RS11_.5,1996,0.6328729350658802,2730
RS11_,5,RS11_.5,2001,0.24396215553949946,2892
RS11_,5,RS11_.5,2006,0.5817192979510074,2883
RS11_,5,RS11_.5,2013,1.0954745020636927,3150
RS11_,6,RS11_.6,1981,-1.108464438341906,2817
RS11_,6,RS11_.6,1986,-0.9668007680953483,2715
RS11_,6,RS11_.6,1991,-1.2058176622509336,1812
RS11_,6,RS11_.6,1996,-1.0512230025549918,1707
RS11_,6,RS11_.6,2001,-1.020783281989985,1761
RS11_,6,RS11_.6,2006,-0.906640555277812,1770
RS11_,6,RS11_.6,2013,-0.77044386993093394,1530
RS210,5,RS210.5,1981,-0.23533965282076677,7521
RS210,5,RS210.5,1986,0.3108420070532073,9078
RS210,5,RS210.5,1991,-0.8350479564465277,9900
RS210,5,RS210.5,1996,-0.30389097581511193,12519
RS210,5,RS210.5,2001,-0.1399548119756191,10026
RS210,5,RS210.5,2006,-0.37209954588369665,10743
RS210,5,RS210.5,2013,-0.5743076594332709,11103
RS210,8,RS210.8,1981,-0.26821043383242044,2181
RS210,8,RS210.8,1986,-0.1366860696180925,2253
RS210,8,RS210.8,1991,-0.05832466525327291,1953
RS210,8,RS210.8,1996,-0.6460600983597414,2262
RS210,8,RS210.8,2001,-0.6394632650662294,2460
RS210,8,RS210.8,2006,-0.699971147939582,2106
RS210,8,RS210.8,2013,-0.8752959263190214,1617
RS211,4,RS211.4,1981,-1.0966325489545417,1134
RS211,4,RS211.4,1986,-0.796824213532242,1452
RS211,4,RS211.4,1991,-0.9578710964165503,1263
RS211,4,RS211.4,1996,-1.1471133505994016,2229
RS211,4,RS211.4,2001,-0.8628163444872131,2235
RS211,4,RS211.4,2006,-1.0094410272274237,2328
RS211,4,RS211.4,2013,-0.932878700335852,1923
RS211,7,RS211.7,1981,-1.2911640164484561,7278
RS211,7,RS211.7,1986,-1.2352214151461112,8205
RS211,7,RS211.7,1991,-1.1130440130683503,7671
RS211,7,RS211.7,1996,-1.1785295254143022,11208
RS211,7,RS211.7,2001,-1.1831594633860385,11547
RS211,7,RS211.7,2006,-1.1095708227445888,13191
RS211,7,RS211.7,2013,-1.0864133152628423,11562
RS219,1,RS219.1,1981,1.7787526664673794,870
RS219,1,RS219.1,1986,1.8589766645823704,1224
RS219,1,RS219.1,1991,1.3940795361429623,1452
RS219,1,RS219.1,1996,1.4087492267110686,1908
RS219,1,RS219.1,2001,1.1705714445330595,2340
RS219,1,RS219.1,2006,1.2741785306876359,3528
RS219,1,RS219.1,2013,1.5196283548733691,4194
RS219,2,RS219.2,1981,1.7157682600070165,3282
RS219,2,RS219.2,1986,1.669746429787589,3120
RS219,2,RS219.2,1991,1.3942975991957218,3390
RS219,2,RS219.2,1996,1.2224176085178822,3666
RS219,2,RS219.2,2001,1.644207043323213,4395
RS219,2,RS219.2,2006,1.128504803775459,5961
RS219,2,RS219.2,2013,1.7881006344569543,6201
RS219,3,RS219.3,1981,1.7282677350339073,1320
RS219,3,RS219.3,1986,1.6398718496766211,1173
RS219,3,RS219.3,1991,1.3731821209384636,1494
RS219,3,RS219.3,1996,1.2284001310698882,2382
RS219,3,RS219.3,2001,0.44571086147184014,2727
RS219,3,RS219.3,2006,0.5635659937771271,3450
RS219,3,RS219.3,2013,1.1464258800504066,3915
RS219,4,RS219.4,1981,1.7957647948397295,2838
RS219,4,RS219.4,1986,1.8033634534697158,2832
RS219,4,RS219.4,1991,1.4605756524402747,2421
RS219,4,RS219.4,1996,1.2613824619015692,2892
RS219,4,RS219.4,2001,0.8674806718477687,3237
RS219,4,RS219.4,2006,0.7501457396490343,3108
RS219,4,RS219.4,2013,1.0319402855367907,2898
XX,0,XX.0,1981,-0.07545898185705423,192336
XX,0,XX.0,1986,-0.6796508732680672,195237
XX,0,XX.0,1991,0.581776372980836,167619
XX,0,XX.0,1996,0.7915065167238345,206346
XX,0,XX.0,2001,0.9698328714721042,227955
XX,0,XX.0,2006,1.4282873308219801,289743
XX,0,XX.0,2013,1.6020548550371507,295632
